-- 1) purchases_supplier (50)
INSERT INTO purchases_supplier (id, name) VALUES
(1,  'Supplier 001'),
(2,  'Supplier 002'),
(3,  'Supplier 003'),
(4,  'Supplier 004'),
(5,  'Supplier 005'),
(6,  'Supplier 006'),
(7,  'Supplier 007'),
(8,  'Supplier 008'),
(9,  'Supplier 009'),
(10, 'Supplier 010'),
(11, 'Supplier 011'),
(12, 'Supplier 012'),
(13, 'Supplier 013'),
(14, 'Supplier 014'),
(15, 'Supplier 015'),
(16, 'Supplier 016'),
(17, 'Supplier 017'),
(18, 'Supplier 018'),
(19, 'Supplier 019'),
(20, 'Supplier 020'),
(21, 'Supplier 021'),
(22, 'Supplier 022'),
(23, 'Supplier 023'),
(24, 'Supplier 024'),
(25, 'Supplier 025'),
(26, 'Supplier 026'),
(27, 'Supplier 027'),
(28, 'Supplier 028'),
(29, 'Supplier 029'),
(30, 'Supplier 030'),
(31, 'Supplier 031'),
(32, 'Supplier 032'),
(33, 'Supplier 033'),
(34, 'Supplier 034'),
(35, 'Supplier 035'),
(36, 'Supplier 036'),
(37, 'Supplier 037'),
(38, 'Supplier 038'),
(39, 'Supplier 039'),
(40, 'Supplier 040'),
(41, 'Supplier 041'),
(42, 'Supplier 042'),
(43, 'Supplier 043'),
(44, 'Supplier 044'),
(45, 'Supplier 045'),
(46, 'Supplier 046'),
(47, 'Supplier 047'),
(48, 'Supplier 048'),
(49, 'Supplier 049'),
(50, 'Supplier 050');

-- 2) purchases_ingredient (50)
INSERT INTO purchases_ingredient (id, name) VALUES
(1,  'Ingredient 001'),
(2,  'Ingredient 002'),
(3,  'Ingredient 003'),
(4,  'Ingredient 004'),
(5,  'Ingredient 005'),
(6,  'Ingredient 006'),
(7,  'Ingredient 007'),
(8,  'Ingredient 008'),
(9,  'Ingredient 009'),
(10, 'Ingredient 010'),
(11, 'Ingredient 011'),
(12, 'Ingredient 012'),
(13, 'Ingredient 013'),
(14, 'Ingredient 014'),
(15, 'Ingredient 015'),
(16, 'Ingredient 016'),
(17, 'Ingredient 017'),
(18, 'Ingredient 018'),
(19, 'Ingredient 019'),
(20, 'Ingredient 020'),
(21, 'Ingredient 021'),
(22, 'Ingredient 022'),
(23, 'Ingredient 023'),
(24, 'Ingredient 024'),
(25, 'Ingredient 025'),
(26, 'Ingredient 026'),
(27, 'Ingredient 027'),
(28, 'Ingredient 028'),
(29, 'Ingredient 029'),
(30, 'Ingredient 030'),
(31, 'Ingredient 031'),
(32, 'Ingredient 032'),
(33, 'Ingredient 033'),
(34, 'Ingredient 034'),
(35, 'Ingredient 035'),
(36, 'Ingredient 036'),
(37, 'Ingredient 037'),
(38, 'Ingredient 038'),
(39, 'Ingredient 039'),
(40, 'Ingredient 040'),
(41, 'Ingredient 041'),
(42, 'Ingredient 042'),
(43, 'Ingredient 043'),
(44, 'Ingredient 044'),
(45, 'Ingredient 045'),
(46, 'Ingredient 046'),
(47, 'Ingredient 047'),
(48, 'Ingredient 048'),
(49, 'Ingredient 049'),
(50, 'Ingredient 050');

-- 3) purchases_purchase (50)
-- Nota: 'date' fixo para simplificar; ajuste se desejar variedade.
INSERT INTO purchases_purchase (id, total, supplier_id, date) VALUES
(1,  101.00, 1,  '2025-01-15'),
(2,  102.00, 2,  '2025-01-15'),
(3,  103.00, 3,  '2025-01-15'),
(4,  104.00, 4,  '2025-01-15'),
(5,  105.00, 5,  '2025-01-15'),
(6,  106.00, 6,  '2025-01-15'),
(7,  107.00, 7,  '2025-01-15'),
(8,  108.00, 8,  '2025-01-15'),
(9,  109.00, 9,  '2025-01-15'),
(10, 110.00, 10, '2025-01-15'),
(11, 111.00, 11, '2025-01-15'),
(12, 112.00, 12, '2025-01-15'),
(13, 113.00, 13, '2025-01-15'),
(14, 114.00, 14, '2025-01-15'),
(15, 115.00, 15, '2025-01-15'),
(16, 116.00, 16, '2025-01-15'),
(17, 117.00, 17, '2025-01-15'),
(18, 118.00, 18, '2025-01-15'),
(19, 119.00, 19, '2025-01-15'),
(20, 120.00, 20, '2025-01-15'),
(21, 121.00, 21, '2025-01-15'),
(22, 122.00, 22, '2025-01-15'),
(23, 123.00, 23, '2025-01-15'),
(24, 124.00, 24, '2025-01-15'),
(25, 125.00, 25, '2025-01-15'),
(26, 126.00, 26, '2025-01-15'),
(27, 127.00, 27, '2025-01-15'),
(28, 128.00, 28, '2025-01-15'),
(29, 129.00, 29, '2025-01-15'),
(30, 130.00, 30, '2025-01-15'),
(31, 131.00, 31, '2025-01-15'),
(32, 132.00, 32, '2025-01-15'),
(33, 133.00, 33, '2025-01-15'),
(34, 134.00, 34, '2025-01-15'),
(35, 135.00, 35, '2025-01-15'),
(36, 136.00, 36, '2025-01-15'),
(37, 137.00, 37, '2025-01-15'),
(38, 138.00, 38, '2025-01-15'),
(39, 139.00, 39, '2025-01-15'),
(40, 140.00, 40, '2025-01-15'),
(41, 141.00, 41, '2025-01-15'),
(42, 142.00, 42, '2025-01-15'),
(43, 143.00, 43, '2025-01-15'),
(44, 144.00, 44, '2025-01-15'),
(45, 145.00, 45, '2025-01-15'),
(46, 146.00, 46, '2025-01-15'),
(47, 147.00, 47, '2025-01-15'),
(48, 148.00, 48, '2025-01-15'),
(49, 149.00, 49, '2025-01-15'),
(50, 150.00, 50, '2025-01-15');

-- 4) purchases_purchaseitem (50)
-- Padrões: quantity = (i % 5) + 1 -> [1..5], metric_system_unit = (i-1) % 4 -> [0..3], total = quantity * 10.00
INSERT INTO purchases_purchaseitem (id, quantity, metric_system_unit, total, ingredient_id, purchase_id) VALUES
(1,  1.00, 0, 10.00, 1,  1),
(2,  2.00, 1, 20.00, 2,  2),
(3,  3.00, 2, 30.00, 3,  3),
(4,  4.00, 3, 40.00, 4,  4),
(5,  5.00, 0, 50.00, 5,  5),
(6,  1.00, 1, 10.00, 6,  6),
(7,  2.00, 2, 20.00, 7,  7),
(8,  3.00, 3, 30.00, 8,  8),
(9,  4.00, 0, 40.00, 9,  9),
(10, 5.00, 1, 50.00, 10, 10),
(11, 1.00, 2, 10.00, 11, 11),
(12, 2.00, 3, 20.00, 12, 12),
(13, 3.00, 0, 30.00, 13, 13),
(14, 4.00, 1, 40.00, 14, 14),
(15, 5.00, 2, 50.00, 15, 15),
(16, 1.00, 3, 10.00, 16, 16),
(17, 2.00, 0, 20.00, 17, 17),
(18, 3.00, 1, 30.00, 18, 18),
(19, 4.00, 2, 40.00, 19, 19),
(20, 5.00, 3, 50.00, 20, 20),
(21, 1.00, 0, 10.00, 21, 21),
(22, 2.00, 1, 20.00, 22, 22),
(23, 3.00, 2, 30.00, 23, 23),
(24, 4.00, 3, 40.00, 24, 24),
(25, 5.00, 0, 50.00, 25, 25),
(26, 1.00, 1, 10.00, 26, 26),
(27, 2.00, 2, 20.00, 27, 27),
(28, 3.00, 3, 30.00, 28, 28),
(29, 4.00, 0, 40.00, 29, 29),
(30, 5.00, 1, 50.00, 30, 30),
(31, 1.00, 2, 10.00, 31, 31),
(32, 2.00, 3, 20.00, 32, 32),
(33, 3.00, 0, 30.00, 33, 33),
(34, 4.00, 1, 40.00, 34, 34),
(35, 5.00, 2, 50.00, 35, 35),
(36, 1.00, 3, 10.00, 36, 36),
(37, 2.00, 0, 20.00, 37, 37),
(38, 3.00, 1, 30.00, 38, 38),
(39, 4.00, 2, 40.00, 39, 39),
(40, 5.00, 3, 50.00, 40, 40),
(41, 1.00, 0, 10.00, 41, 41),
(42, 2.00, 1, 20.00, 42, 42),
(43, 3.00, 2, 30.00, 43, 43),
(44, 4.00, 3, 40.00, 44, 44),
(45, 5.00, 0, 50.00, 45, 45),
(46, 1.00, 1, 10.00, 46, 46),
(47, 2.00, 2, 20.00, 47, 47),
(48, 3.00, 3, 30.00, 48, 48),
(49, 4.00, 0, 40.00, 49, 49),
(50, 5.00, 1, 50.00, 50, 50);

